seq,recv_bytes,latency_us,recv_ns
1,512,117,1089812520520391
2,512,54,1089812521560288
3,512,51,1089812522813797
4,512,47,1089812524096185
5,512,49,1089812525163879
6,512,47,1089812526321141
7,512,45,1089812527594950
8,512,49,1089812528892708
9,512,49,1089812530172424
10,512,45,1089812531386611
11,512,53,1089812532715260
12,512,51,1089812534008273
13,512,120,1089812535407045
14,512,119,1089812536778639
15,512,99,1089812538105520
16,512,104,1089812539509404
17,512,113,1089812540873399
18,512,131,1089812542265250
19,512,133,1089812543637717
20,512,132,1089812545038385
21,512,188,1089812546484472
22,512,186,1089812547897640
23,512,205,1089812549195279
24,512,189,1089812550592452
25,512,188,1089812552006219
26,512,183,1089812553452509
27,512,158,1089812554878202
28,512,128,1089812556224842
29,512,137,1089812557410189
30,512,130,1089812558760538
31,512,134,1089812560002871
32,512,131,1089812561351566
33,512,133,1089812562710953
34,512,82,1089812563834714
35,512,77,1089812565140195
36,512,78,1089812566462610
37,512,79,1089812567791175
38,512,59,1089812569085101
39,512,47,1089812570363692
40,512,57,1089812571658849
41,512,75,1089812572975788
42,512,63,1089812574284278
43,512,53,1089812575596067
44,512,83,1089812576944878
45,512,148,1089812578364112
46,512,144,1089812579790592
47,512,131,1089812581149212
48,512,168,1089812582502087
49,512,130,1089812583861020
50,512,133,1089812585233474
51,512,132,1089812586602477
52,512,151,1089812588004331
53,512,132,1089812589375770
54,512,131,1089812590744176
55,512,132,1089812592116095
56,512,132,1089812593565657
57,512,130,1089812594934724
58,512,132,1089812596305624
59,512,131,1089812597673615
60,512,216,1089812599152874
61,512,157,1089812600494699
62,512,186,1089812601930180
63,512,185,1089812603342814
64,512,154,1089812604680796
65,512,132,1089812606029950
66,512,136,1089812607426311
67,512,142,1089812608829293
68,512,126,1089812610166993
69,512,144,1089812611536430
70,512,80,1089812612818654
71,512,77,1089812614137315
72,512,66,1089812615233264
73,512,67,1089812616550630
74,512,100,1089812617887570
75,512,66,1089812619170864
76,512,61,1089812620409333
77,512,64,1089812621644031
78,512,53,1089812622926422
79,512,52,1089812624218821
80,512,54,1089812625510560
81,512,49,1089812626812798
82,512,52,1089812628016895
83,512,46,1089812629191756
84,512,59,1089812630265591
85,512,46,1089812631543091
86,512,60,1089812632720635
87,512,80,1089812634106616
88,512,58,1089812635350455
89,512,62,1089812636585489
90,512,100,1089812637946794
91,512,99,1089812639295012
92,512,99,1089812640640734
93,512,113,1089812642021502
94,512,133,1089812643415535
95,512,190,1089812644847873
96,512,132,1089812646157986
97,512,134,1089812647533620
98,512,118,1089812648881753
99,512,68,1089812649964242
100,512,133,1089812651370809
101,512,116,1089812652798890
102,512,130,1089812654171801
103,512,98,1089812655542233
104,512,95,1089812656934281
105,512,104,1089812658207330
106,512,123,1089812659568888
107,512,112,1089812660936438
108,512,85,1089812662033875
109,512,85,1089812663134009
110,512,83,1089812664450155
111,512,136,1089812665623180
112,512,126,1089812667030459
113,512,124,1089812668420135
114,512,113,1089812669772560
115,512,133,1089812671163386
116,512,132,1089812672533360
117,512,122,1089812673799200
118,512,227,1089812675297812
119,512,218,1089812676711550
120,512,123,1089812677813467
121,512,122,1089812679180198
122,512,135,1089812680566340
123,512,171,1089812681985989
124,512,133,1089812683339584
125,512,117,1089812684713278
126,512,148,1089812686116101
127,512,133,1089812687487952
128,512,131,1089812688859072
129,512,131,1089812690230838
130,512,152,1089812691633998
131,512,131,1089812693001174
132,512,131,1089812694370875
133,512,131,1089812695743618
134,512,150,1089812697145706
135,512,132,1089812698517320
136,512,144,1089812699902349
137,512,113,1089812701230706
138,512,130,1089812702604871
139,512,141,1089812704050715
140,512,94,1089812705358215
141,512,84,1089812706565148
142,512,83,1089812707880307
143,512,81,1089812709095823
144,512,67,1089812710403930
145,512,79,1089812711722109
146,512,66,1089812713018874
147,512,82,1089812714182231
148,512,62,1089812715275936
149,512,45,1089812716338442
150,512,69,1089812717659354
151,512,59,1089812718815885
152,512,57,1089812720109354
153,512,48,1089812721393312
154,512,34,1089812722659601
155,512,54,1089812723995263
156,512,48,1089812725286184
157,512,50,1089812726597049
158,512,54,1089812727895313
159,512,53,1089812729199678
160,512,55,1089812730316406
161,512,49,1089812731399138
162,512,52,1089812732694055
163,512,66,1089812733921972
164,512,56,1089812735220974
165,512,55,1089812736283889
166,512,59,1089812737600577
167,512,58,1089812738929175
168,512,55,1089812740257152
169,512,54,1089812741550728
170,512,54,1089812742843903
171,512,53,1089812744137219
172,512,54,1089812745430493
173,512,52,1089812746721678
174,512,52,1089812748013878
175,512,50,1089812749303597
176,512,49,1089812750600080
177,512,49,1089812751889839
178,512,52,1089812753182411
179,512,49,1089812754470567
180,512,75,1089812755683079
181,512,49,1089812757003964
182,512,47,1089812758288917
183,512,46,1089812759575165
184,512,46,1089812760862224
185,512,49,1089812762153334
186,512,46,1089812763437506
187,512,46,1089812764725124
188,512,48,1089812765999650
189,512,48,1089812767324545
190,512,45,1089812768609873
191,512,44,1089812769901690
192,512,118,1089812771301769
193,512,96,1089812772659513
194,512,91,1089812773827543
195,512,97,1089812775196570
196,512,113,1089812776575133
197,512,132,1089812777965712
198,512,121,1089812779356307
199,512,187,1089812780811722
200,512,223,1089812782267067
201,512,172,1089812783676188
202,512,187,1089812785104646
203,512,187,1089812786521015
204,512,186,1089812787932239
205,512,186,1089812789348691
206,512,186,1089812790763822
207,512,185,1089812792177854
208,512,186,1089812793591840
209,512,186,1089812795005658
210,512,184,1089812796470439
211,512,187,1089812797883873
212,512,196,1089812799270223
213,512,176,1089812800534002
214,512,186,1089812801959320
215,512,186,1089812803375049
216,512,175,1089812804831540
217,512,212,1089812806285127
218,512,161,1089812807491884
219,512,192,1089812808908129
220,512,186,1089812810316350
221,512,215,1089812811757223
222,512,187,1089812813144432
223,512,181,1089812814459033
224,512,193,1089812815790377
225,512,121,1089812817152347
226,512,82,1089812818465871
227,512,74,1089812819767209
228,512,103,1089812821055736
229,512,98,1089812822402679
230,512,93,1089812823614523
231,512,59,1089812824820358
232,512,60,1089812825977895
233,512,50,1089812827266148
234,512,48,1089812828380779
235,512,56,1089812829671303
236,512,53,1089812830971330
237,512,54,1089812832063016
238,512,66,1089812833378269
239,512,61,1089812834478342
240,512,62,1089812835685921
241,512,106,1089812836935109
242,512,187,1089812838336026
243,512,59,1089812839533562
244,512,56,1089812840734969
245,512,122,1089812842134046
246,512,110,1089812843495210
247,512,97,1089812844844791
248,512,113,1089812846224936
249,512,133,1089812847678611
250,512,143,1089812849022025
251,512,118,1089812850396356
252,512,126,1089812851774540
253,512,130,1089812853134715
254,512,90,1089812854243060
255,512,87,1089812855465688
256,512,97,1089812856542705
257,512,89,1089812857781278
258,512,84,1089812859094788
259,512,80,1089812860165209
260,512,97,1089812861525773
261,512,121,1089812862887833
262,512,82,1089812864193097
263,512,77,1089812865560153
264,512,81,1089812866930823
265,512,83,1089812868255724
266,512,132,1089812869478119
267,512,81,1089812870621276
268,512,93,1089812871831410
269,512,149,1089812873252732
270,512,129,1089812874676015
271,512,132,1089812876048610
272,512,133,1089812877420342
273,512,152,1089812878822243
274,512,138,1089812880052668
275,512,131,1089812881423668
276,512,156,1089812882643003
277,512,122,1089812884037661
278,512,145,1089812885432807
279,512,109,1089812886739522
280,512,93,1089812887941320
281,512,128,1089812889301748
282,512,153,1089812890704012
283,512,133,1089812892074846
284,512,170,1089812893390404
285,512,134,1089812894756597
286,512,130,1089812896129921
287,512,148,1089812897373318
288,512,203,1089812898684090
289,512,188,1089812900080827
290,512,188,1089812901550123
291,512,186,1089812902791768
292,512,175,1089812904193407
293,512,177,1089812905334626
294,512,104,1089812906374023
295,512,98,1089812907731616
296,512,98,1089812909078421
297,512,86,1089812910434731
298,512,99,1089812911776142
299,512,98,1089812913122276
300,512,80,1089812914199449
301,512,123,1089812915443856
302,512,78,1089812916633978
303,512,116,1089812918037605
304,512,134,1089812919461498
305,512,108,1089812920604847
306,512,65,1089812921925681
307,512,68,1089812923235633
308,512,54,1089812924312130
309,512,47,1089812925388710
310,512,54,1089812926689726
311,512,49,1089812927861164
312,512,57,1089812929150587
313,512,49,1089812930436121
314,512,46,1089812931696017
315,512,40,1089812932998291
316,512,59,1089812934213382
317,512,62,1089812935522303
318,512,64,1089812936635763
319,512,66,1089812937972367
320,512,58,1089812939063742
321,512,52,1089812940192297
322,512,106,1089812941564011
323,512,96,1089812942885492
324,512,99,1089812944235337
325,512,113,1089812945613319
326,512,132,1089812947007175
327,512,129,1089812948390972
328,512,133,1089812949765716
329,512,131,1089812951137528
330,512,125,1089812952577335
331,512,100,1089812953836274
332,512,84,1089812955181742
333,512,81,1089812956249364
334,512,58,1089812957533026
335,512,64,1089812958863202
336,512,62,1089812960065239
337,512,64,1089812961385529
338,512,63,1089812962480350
339,512,67,1089812963797615
340,512,45,1089812965080448
341,512,48,1089812966374918
342,512,44,1089812967671069
343,512,62,1089812968985325
344,512,54,1089812970287933
345,512,53,1089812971592983
346,512,55,1089812972913340
347,512,54,1089812974233246
348,512,53,1089812975525137
349,512,49,1089812976815674
350,512,52,1089812978109519
351,512,51,1089812979427728
352,512,50,1089812980689093
353,512,49,1089812981978903
354,512,47,1089812983269622
355,512,50,1089812984562923
356,512,48,1089812985881205
357,512,47,1089812987168313
358,512,47,1089812988456097
359,512,49,1089812989803128
360,512,48,1089812991092276
361,512,45,1089812992376888
362,512,46,1089812993664144
363,512,45,1089812994951095
364,512,45,1089812996237090
365,512,46,1089812997524413
366,512,44,1089812998808921
367,512,49,1089813000100394
368,512,45,1089813001382834
369,512,46,1089813002608881
370,512,51,1089813003697600
371,512,50,1089813005013767
372,512,52,1089813006079611
373,512,63,1089813007233016
374,512,69,1089813008336371
375,512,61,1089813009534277
376,512,90,1089813010867310
377,512,68,1089813012029882
378,512,93,1089813013124693
379,512,74,1089813014224925
380,512,58,1089813015437422
381,512,60,1089813016764184
382,512,48,1089813018035627
383,512,54,1089813019330257
384,512,54,1089813020384976
385,512,67,1089813021680146
386,512,80,1089813022988184
387,512,92,1089813024313378
388,512,59,1089813025593129
389,512,48,1089813026673168
390,512,49,1089813027960561
391,512,37,1089813029198852
392,512,41,1089813030501394
393,512,43,1089813031778765
394,512,52,1089813033070629
395,512,48,1089813034361076
396,512,52,1089813035656672
397,512,49,1089813036944741
398,512,85,1089813038300184
399,512,76,1089813039581864
400,512,62,1089813040885354
401,512,55,1089813041977152
402,512,51,1089813043081427
403,512,81,1089813044422520
404,512,49,1089813045732858
405,512,52,1089813046873544
406,512,99,1089813048254776
407,512,115,1089813049618664
408,512,135,1089813051014332
409,512,120,1089813052386031
410,512,131,1089813053623656
411,512,121,1089813054785211
412,512,94,1089813056128840
413,512,74,1089813057426979
414,512,69,1089813058745681
415,512,66,1089813060085269
416,512,65,1089813061141218
417,512,56,1089813062449593
418,512,56,1089813063744350
419,512,53,1089813065069301
420,512,76,1089813066410154
421,512,81,1089813067726085
422,512,69,1089813068993801
423,512,97,1089813070370352
424,512,102,1089813071724013
425,512,126,1089813073113632
426,512,116,1089813074493662
427,512,133,1089813075883632
428,512,129,1089813077195297
429,512,131,1089813078426459
430,512,108,1089813079756512
431,512,90,1089813080858602
432,512,129,1089813082224320
433,512,129,1089813083609130
434,512,128,1089813084914355
435,512,197,1089813086267945
436,512,107,1089813087379948
437,512,84,1089813088498714
438,512,95,1089813089839205
439,512,133,1089813091228239
440,512,131,1089813092598117
441,512,151,1089813094065138
442,512,133,1089813095452198
443,512,88,1089813096762751
444,512,81,1089813098077874
445,512,83,1089813099396350
446,512,86,1089813100725948
447,512,82,1089813102045593
448,512,132,1089813103440208
449,512,103,1089813104747472
450,512,86,1089813106093502
451,512,60,1089813107193999
452,512,65,1089813108513375
453,512,63,1089813109578894
454,512,62,1089813110730174
455,512,82,1089813112051021
456,512,93,1089813113260401
457,512,65,1089813114575368
458,512,81,1089813115662433
459,512,78,1089813117048210
460,512,75,1089813118194800
461,512,85,1089813119345973
462,512,65,1089813120504347
463,512,61,1089813121812973
464,512,61,1089813123135676
465,512,47,1089813124414918
466,512,57,1089813125744111
467,512,80,1089813126904776
468,512,55,1089813128201918
469,512,54,1089813129491356
470,512,52,1089813130786285
471,512,57,1089813132085953
472,512,52,1089813133240559
473,512,49,1089813134523181
474,512,70,1089813135617195
475,512,60,1089813136931664
476,512,53,1089813138221645
477,512,58,1089813139523146
478,512,64,1089813140805329
479,512,105,1089813141960643
480,512,95,1089813143285084
481,512,60,1089813144588402
482,512,49,1089813145871532
483,512,37,1089813147151671
484,512,87,1089813148517653
485,512,97,1089813149874381
486,512,102,1089813151022965
487,512,93,1089813152174488
488,512,55,1089813153480047
489,512,60,1089813154781050
490,512,61,1089813155918145
491,512,53,1089813157207280
492,512,53,1089813158499039
493,512,81,1089813159601941
494,512,49,1089813160858575
495,512,55,1089813161937921
496,512,47,1089813163223479
497,512,50,1089813164518073
498,512,35,1089813165571522
499,512,45,1089813166653315
500,512,51,1089813167956322
501,512,51,1089813169248235
502,512,54,1089813170548979
503,512,43,1089813171636849
504,512,44,1089813172926682
505,512,38,1089813174055672
506,512,44,1089813175094154
507,512,48,1089813176284956
508,512,38,1089813177559978
509,512,29,1089813178831606
510,512,43,1089813180052685
511,512,73,1089813181382835
512,512,33,1089813182481313
513,512,48,1089813183758982
514,512,45,1089813184826671
515,512,42,1089813186106307
516,512,43,1089813187170433
517,512,46,1089813188233289
518,512,34,1089813189504579
519,512,25,1089813190644253
520,512,44,1089813191695785
521,512,49,1089813192982648
522,512,48,1089813194269134
523,512,33,1089813195544324
524,512,90,1089813196912248
525,512,125,1089813198292992
526,512,81,1089813199355569
527,512,95,1089813200430098
528,512,67,1089813201714568
529,512,150,1089813203143510
530,512,149,1089813204531890
531,512,109,1089813205692086
532,512,86,1089813207072392
533,512,143,1089813208428788
534,512,87,1089813209756240
535,512,83,1089813211071278
536,512,110,1089813212427688
537,512,101,1089813213767253
538,512,91,1089813214960480
539,512,77,1089813216037081
540,512,83,1089813217384581
541,512,82,1089813218713006
542,512,104,1089813220066914
543,512,85,1089813221390758
544,512,76,1089813222701245
545,512,77,1089813223798013
546,512,76,1089813225119029
547,512,49,1089813226414148
548,512,48,1089813227713309
549,512,45,1089813228780799
550,512,47,1089813229923477
551,512,57,1089813231031534
552,512,59,1089813232150599
553,512,43,1089813233327144
554,512,49,1089813234639077
555,512,100,1089813235788388
556,512,51,1089813237075684
557,512,50,1089813238126081
558,512,56,1089813239434352
559,512,59,1089813240786135
560,512,80,1089813242126728
561,512,66,1089813243430594
562,512,80,1089813244751205
563,512,79,1089813246067784
564,512,131,1089813247385818
565,512,141,1089813248546573
566,512,113,1089813249909011
567,512,145,1089813251315343
568,512,147,1089813252689258
569,512,133,1089813254061876
570,512,95,1089813255221156
571,512,93,1089813256341346
572,512,89,1089813257687589
573,512,85,1089813259027563
574,512,69,1089813260141735
575,512,64,1089813261452308
576,512,99,1089813262806398
577,512,79,1089813263899693
578,512,74,1089813265241362
579,512,82,1089813266556764
580,512,69,1089813267752380
581,512,58,1089813268805417
582,512,68,1089813270123062
583,512,49,1089813271175770
584,512,69,1089813272342564
585,512,61,1089813273541319
586,512,33,1089813274807330
587,512,48,1089813275983588
588,512,32,1089813277249647
589,512,28,1089813278517722
590,512,52,1089813279677954
591,512,71,1089813280999880
592,512,53,1089813282290069
593,512,53,1089813283582579
594,512,79,1089813284901274
595,512,96,1089813286234943
596,512,91,1089813287377721
597,512,88,1089813288777125
598,512,95,1089813290107218
599,512,79,1089813291419833
600,512,78,1089813292741283
601,512,143,1089813294132721
602,512,129,1089813295417371
603,512,131,1089813296789050
604,512,133,1089813298160595
605,512,126,1089813299571473
606,512,187,1089813301009252
607,512,193,1089813302429309
608,512,196,1089813303687604
609,512,167,1089813305107434
610,512,142,1089813306503865
611,512,128,1089813307852672
612,512,134,1089813309049995
613,512,128,1089813310367694
614,512,85,1089813311546431
615,512,80,1089813312846901
616,512,102,1089813314066283
617,512,108,1089813315405689
618,512,67,1089813316692869
619,512,55,1089813317878326
620,512,62,1089813319091368
621,512,50,1089813320377110
622,512,103,1089813321506311
623,512,60,1089813322769451
624,512,53,1089813323950924
625,512,50,1089813325226055
626,512,53,1089813326524135
627,512,52,1089813327821421
628,512,69,1089813329130161
629,512,39,1089813330252728
630,512,49,1089813331547971
631,512,52,1089813332670920
632,512,52,1089813333868066
633,512,56,1089813335116292
634,512,57,1089813336355902
635,512,60,1089813337587635
636,512,63,1089813338895460
637,512,55,1089813340182784
638,512,80,1089813341520452
639,512,54,1089813342814370
640,512,49,1089813344104292
641,512,41,1089813345427489
642,512,112,1089813346819164
643,512,131,1089813348216393
644,512,164,1089813349634090
645,512,100,1089813350937948
646,512,132,1089813352338026
647,512,139,1089813353619986
648,512,61,1089813354814305
649,512,69,1089813356053531
650,512,85,1089813357394736
651,512,88,1089813358739010
652,512,84,1089813359954395
653,512,101,1089813361318394
654,512,96,1089813362641674
655,512,91,1089813363977122
656,512,66,1089813365328587
657,512,69,1089813366667265
658,512,53,1089813367954146
659,512,52,1089813369245080
660,512,52,1089813370536509
661,512,51,1089813371879004
662,512,54,1089813373178330
663,512,91,1089813374543156
664,512,94,1089813375880586
665,512,129,1089813377278373
666,512,132,1089813378650836
667,512,130,1089813380130880
668,512,133,1089813381502913
669,512,133,1089813382871903
670,512,132,1089813384241474
671,512,132,1089813385612197
672,512,155,1089813387019460
673,512,138,1089813388385214
674,512,132,1089813389754953
675,512,132,1089813391126184
676,512,151,1089813392529479
677,512,131,1089813393928537
678,512,188,1089813395372715
679,512,186,1089813396784786
680,512,181,1089813398200363
681,512,189,1089813399619931
682,512,187,1089813401035008
683,512,188,1089813402457211
684,512,187,1089813403752902
685,512,140,1089813405102279
686,512,145,1089813406507680
687,512,130,1089813407862180
688,512,174,1089813409332516
689,512,190,1089813410753890
690,512,186,1089813412160965
691,512,186,1089813413575405
692,512,188,1089813414993143
693,512,187,1089813416232172
694,512,150,1089813417559403
695,512,125,1089813418800228
696,512,142,1089813420116320
697,512,81,1089813421226471
698,512,233,1089813422709795
699,512,77,1089813423894948
700,512,131,1089813425036599
701,512,158,1089813426136432
702,512,67,1089813427273363
703,512,73,1089813428355370
704,512,63,1089813429647633
705,512,60,1089813430699343
706,512,61,1089813432002171
707,512,62,1089813433295787
708,512,106,1089813434491714
709,512,62,1089813435591902
710,512,60,1089813436813837
711,512,100,1089813438162174
712,512,68,1089813439216978
713,512,58,1089813440518572
714,512,57,1089813441827105
715,512,73,1089813443141703
716,512,64,1089813444389253
717,512,57,1089813445648647
718,512,104,1089813447014275
719,512,98,1089813448359180
720,512,104,1089813449560008
721,512,104,1089813450908773
722,512,98,1089813452256352
723,512,106,1089813453582302
724,512,106,1089813454940240
725,512,62,1089813456068788
726,512,76,1089813457304371
727,512,86,1089813458648898
728,512,65,1089813459709972
729,512,66,1089813461075670
730,512,86,1089813462416921
731,512,99,1089813463772075
732,512,99,1089813465118030
733,512,113,1089813466481802
734,512,131,1089813467883473
735,512,222,1089813469364346
736,512,146,1089813470697674
737,512,182,1089813472103810
738,512,199,1089813473497296
739,512,151,1089813474832072
740,512,175,1089813476246142
741,512,133,1089813477575628
742,512,131,1089813478944208
743,512,179,1089813480217549
744,512,185,1089813481536797
745,512,102,1089813482770218
746,512,150,1089813484177775
747,512,138,1089813485555136
748,512,131,1089813486917900
749,512,166,1089813488323961
750,512,150,1089813489691796
751,512,133,1089813491064187
752,512,142,1089813492444417
753,512,145,1089813493815957
754,512,150,1089813495205304
755,512,131,1089813496575478
756,512,133,1089813497948731
757,512,150,1089813499174755
758,512,121,1089813500416984
759,512,129,1089813501811059
760,512,134,1089813503182523
761,512,196,1089813504584782
762,512,88,1089813505683991
763,512,146,1089813507072092
764,512,90,1089813508162255
765,512,89,1089813509525224
766,512,66,1089813510813753
767,512,60,1089813511939748
768,512,71,1089813513079050
769,512,67,1089813514224897
770,512,74,1089813515554379
771,512,62,1089813516869444
772,512,62,1089813518194255
773,512,58,1089813519516503
774,512,53,1089813520676779
775,512,55,1089813521993864
776,512,58,1089813523290021
777,512,60,1089813524469817
778,512,99,1089813525903044
779,512,68,1089813527163081
780,512,196,1089813528606680
781,512,73,1089813529724164
782,512,76,1089813531039809
783,512,56,1089813532178422
784,512,65,1089813533494720
785,512,86,1089813534617697
786,512,122,1089813535836530
787,512,98,1089813536880557
788,512,58,1089813537924244
789,512,56,1089813539028858
790,512,87,1089813540232984
791,512,65,1089813541353115
792,512,59,1089813542467087
793,512,154,1089813543857562
794,512,68,1089813545092675
795,512,60,1089813546396100
796,512,67,1089813547658471
797,512,56,1089813548760197
798,512,57,1089813550081762
799,512,54,1089813551250087
800,512,72,1089813552561242
801,512,57,1089813553711943
802,512,69,1089813554966066
803,512,72,1089813556097562
804,512,71,1089813557234505
805,512,54,1089813558442341
806,512,52,1089813559744961
807,512,54,1089813561039836
808,512,47,1089813562187893
809,512,57,1089813563434765
810,512,54,1089813564486968
811,512,65,1089813565619173
812,512,57,1089813566928895
813,512,52,1089813568247803
814,512,80,1089813569575798
815,512,64,1089813570880554
816,512,57,1089813572214621
817,512,48,1089813573372707
818,512,45,1089813574419698
819,512,33,1089813575697715
820,512,46,1089813576876619
821,512,64,1089813578189376
822,512,71,1089813579353321
823,512,52,1089813580634579
824,512,67,1089813581940962
825,512,96,1089813583043454
826,512,79,1089813584348039
827,512,48,1089813585608028
828,512,35,1089813586710697
829,512,36,1089813587990133
830,512,67,1089813589299099
831,512,33,1089813590536940
832,512,44,1089813591819068
833,512,38,1089813593113430
834,512,50,1089813594404378
835,512,33,1089813595672353
836,512,101,1089813597042146
837,512,82,1089813598357388
838,512,121,1089813599766991
839,512,150,1089813601176056
840,512,129,1089813602577807
841,512,131,1089813603710551
842,512,77,1089813604872403
843,512,91,1089813606093765
844,512,92,1089813607194377
845,512,80,1089813608560913
846,512,90,1089813609750241
847,512,57,1089813610805227
848,512,72,1089813611957562
849,512,65,1089813613193930
850,512,63,1089813614291878
851,512,50,1089813615579066
852,512,58,1089813616894016
853,512,55,1089813618111494
854,512,72,1089813619454653
855,512,52,1089813620543075
856,512,40,1089813621691400
857,512,50,1089813622764932
858,512,48,1089813623911149
859,512,54,1089813625212171
860,512,67,1089813626298553
861,512,59,1089813627584217
862,512,47,1089813628632150
863,512,50,1089813629926306
864,512,48,1089813631214393
865,512,91,1089813632554629
866,512,63,1089813633827506
867,512,66,1089813635109688
868,512,68,1089813636227631
869,512,54,1089813637283067
870,512,53,1089813638417589
871,512,108,1089813639618140
872,512,56,1089813640754622
873,512,57,1089813642053579
874,512,83,1089813643397394
875,512,54,1089813644576698
876,512,67,1089813645878490
877,512,50,1089813647153528
878,512,87,1089813648481746
879,512,54,1089813649702539
880,512,45,1089813650913243
881,512,52,1089813652037924
882,512,50,1089813653081045
883,512,48,1089813654158761
884,512,36,1089813655434487
885,512,55,1089813656566213
886,512,44,1089813657844862
887,512,76,1089813658996226
888,512,51,1089813660081993
889,512,48,1089813661391275
890,512,52,1089813662494145
891,512,43,1089813663776532
892,512,73,1089813665113803
893,512,44,1089813666398336
894,512,42,1089813667456756
895,512,36,1089813668733377
896,512,49,1089813670027962
897,512,45,1089813671187841
898,512,48,1089813672253254
899,512,45,1089813673341441
900,512,34,1089813674615497
901,512,29,1089813675880670
902,512,37,1089813677039163
903,512,40,1089813678243258
904,512,30,1089813679469438
905,512,69,1089813680557033
906,512,40,1089813681570216
907,512,31,1089813682628859
908,512,32,1089813683899220
909,512,30,1089813684972724
910,512,80,1089813686278706
911,512,37,1089813687557638
912,512,40,1089813688627410
913,512,42,1089813689681986
914,512,36,1089813690961501
915,512,23,1089813692229447
916,512,35,1089813693412987
917,512,23,1089813694573060
918,512,38,1089813695859553
919,512,58,1089813697012143
920,512,41,1089813698297112
921,512,40,1089813699611556
922,512,40,1089813700898166
923,512,39,1089813702183925
924,512,46,1089813703477207
925,512,48,1089813704584587
926,512,67,1089813705892715
927,512,48,1089813706975444
928,512,40,1089813708289677
929,512,38,1089813709574772
930,512,47,1089813710837916
931,512,50,1089813712135227
932,512,84,1089813713419360
933,512,55,1089813714700878
934,512,38,1089813715978985
935,512,35,1089813717027369
936,512,34,1089813718308732
937,512,41,1089813719386565
938,512,41,1089813720711448
939,512,41,1089813721842001
940,512,55,1089813723139731
941,512,53,1089813724398686
942,512,44,1089813725468648
943,512,47,1089813726758035
944,512,54,1089813727844068
945,512,54,1089813729143503
946,512,54,1089813730329797
947,512,58,1089813731630209
948,512,51,1089813732924676
949,512,51,1089813734185441
950,512,49,1089813735233335
951,512,44,1089813736461239
952,512,72,1089813737532426
953,512,65,1089813738841362
954,512,58,1089813740171661
955,512,57,1089813741421281
956,512,92,1089813742762890
957,512,66,1089813744057349
958,512,98,1089813745291831
959,512,106,1089813746409135
960,512,96,1089813747736667
961,512,72,1089813749039741
962,512,102,1089813750402251
963,512,73,1089813751723908
964,512,73,1089813753039988
965,512,58,1089813754131412
966,512,54,1089813755305981
967,512,55,1089813756567544
968,512,77,1089813757917020
969,512,49,1089813759204254
970,512,49,1089813760335903
971,512,55,1089813761438633
972,512,74,1089813762719888
973,512,69,1089813764034859
974,512,70,1089813765340631
975,512,59,1089813766420517
976,512,48,1089813767455258
977,512,54,1089813768777426
978,512,55,1089813770068264
979,512,43,1089813771352241
980,512,43,1089813772640393
981,512,43,1089813773902000
982,512,50,1089813775080227
983,512,38,1089813776352872
984,512,52,1089813777420812
985,512,38,1089813778658954
986,512,31,1089813779889683
987,512,30,1089813781170423
988,512,35,1089813782239960
989,512,39,1089813783328393
990,512,39,1089813784609877
991,512,50,1089813785722041
992,512,41,1089813787006742
993,512,54,1089813788307318
994,512,39,1089813789593542
995,512,40,1089813790911491
996,512,38,1089813792195930
997,512,70,1089813793402247
998,512,41,1089813794685822
999,512,34,1089813795966458
1000,512,29,1089813797248362
1001,512,28,1089813798534997
1002,512,39,1089813799831782
1003,512,40,1089813801125374
1004,512,49,1089813802329632
1005,512,47,1089813803617250
1006,512,49,1089813804705115
1007,512,53,1089813805817305
1008,512,58,1089813806909578
1009,512,71,1089813808057299
1010,512,104,1089813809359274
1011,512,67,1089813810437420
1012,512,46,1089813811609423
1013,512,47,1089813812900061
1014,512,40,1089813814180958
1015,512,40,1089813815245514
1016,512,44,1089813816486751
1017,512,56,1089813817611562
1018,512,39,1089813818892163
1019,512,38,1089813820098866
1020,512,40,1089813821304506
1021,512,35,1089813822445538
1022,512,47,1089813823712170
1023,512,56,1089813824767989
1024,512,43,1089813825809675
1025,512,44,1089813826909111
1026,512,53,1089813828210338
1027,512,63,1089813829528960
1028,512,45,1089813830711893
1029,512,44,1089813832027831
1030,512,44,1089813833312785
1031,512,45,1089813834522965
1032,512,36,1089813835795805
1033,512,51,1089813837041268
1034,512,51,1089813838362499
1035,512,51,1089813839676432
1036,512,58,1089813840888143
1037,512,52,1089813842174621
1038,512,66,1089813843480266
1039,512,40,1089813844758667
1040,512,46,1089813846057735
1041,512,90,1089813847417781
1042,512,97,1089813848789609
1043,512,99,1089813850142142
1044,512,112,1089813851520334
1045,512,154,1089813852934990
1046,512,147,1089813854299903
1047,512,105,1089813855638421
1048,512,129,1089813857006994
1049,512,98,1089813858348157
1050,512,93,1089813859755092
1051,512,101,1089813861115342
1052,512,98,1089813862470740
1053,512,88,1089813863835173
1054,512,102,1089813865182163
1055,512,137,1089813866603229
1056,512,132,1089813867971675
1057,512,117,1089813869177221
1058,512,136,1089813870568850
1059,512,132,1089813871936142
1060,512,166,1089813873339365
1061,512,161,1089813874718414
1062,512,133,1089813876078542
1063,512,188,1089813877353013
1064,512,128,1089813878516291
1065,512,142,1089813879963031
1066,512,132,1089813881338109
1067,512,135,1089813882463524
1068,512,128,1089813883815510
1069,512,126,1089813885161748
1070,512,132,1089813886534543
1071,512,132,1089813887904771
1072,512,129,1089813889133518
1073,512,130,1089813890502505
1074,512,139,1089813891919146
1075,512,161,1089813893332049
1076,512,116,1089813894675160
1077,512,177,1089813896103329
1078,512,112,1089813897272812
1079,512,159,1089813898678146
1080,512,132,1089813900054715
1081,512,131,1089813901421757
1082,512,153,1089813902823586
1083,512,180,1089813904040068
1084,512,143,1089813905388626
1085,512,103,1089813906583683
1086,512,95,1089813907938440
1087,512,75,1089813909012659
1088,512,73,1089813910246278
1089,512,58,1089813911530158
1090,512,41,1089813912802740
1091,512,50,1089813913900703
1092,512,51,1089813915186054
1093,512,47,1089813916502332
1094,512,32,1089813917778485
1095,512,41,1089813918955612
1096,512,50,1089813920174237
1097,512,56,1089813921481291
1098,512,50,1089813922776157
1099,512,52,1089813924062242
1100,512,63,1089813925359879
1101,512,73,1089813926596138
1102,512,58,1089813927749703
1103,512,59,1089813928813297
1104,512,54,1089813930003059
1105,512,66,1089813931130961
1106,512,54,1089813932191162
1107,512,69,1089813933502418
1108,512,54,1089813934806283
1109,512,54,1089813936029586
1110,512,52,1089813937298551
1111,512,52,1089813938419213
1112,512,62,1089813939733778
1113,512,50,1089813941022660
1114,512,50,1089813942108074
1115,512,60,1089813943176790
1116,512,57,1089813944475632
1117,512,102,1089813945837906
1118,512,100,1089813947194150
1119,512,100,1089813948542855
1120,512,101,1089813949904419
1121,512,134,1089813951308555
1122,512,108,1089813952543430
1123,512,143,1089813953826852
1124,512,109,1089813955183877
1125,512,81,1089813956305665
1126,512,62,1089813957599308
1127,512,134,1089813959009730
1128,512,119,1089813960389400
1129,512,135,1089813961772075
1130,512,133,1089813963143654
1131,512,153,1089813964549028
1132,512,165,1089813965954442
1133,512,124,1089813967204536
1134,512,134,1089813968587015
1135,512,179,1089813970018039
1136,512,135,1089813971364685
1137,512,135,1089813972737336
1138,512,159,1089813974136687
1139,512,134,1089813975524169
1140,512,134,1089813976899280
1141,512,134,1089813978271909
1142,512,133,1089813979644376
1143,512,152,1089813981033618
1144,512,143,1089813982302022
1145,512,151,1089813983707362
1146,512,158,1089813985148661
1147,512,185,1089813986558269
1148,512,185,1089813987964801
1149,512,183,1089813989378650
1150,512,187,1089813990795653
1151,512,185,1089813992257005
1152,512,183,1089813993696659
1153,512,187,1089813995109252
1154,512,186,1089813996522877
1155,512,186,1089813997937121
1156,512,187,1089813999177942
1157,512,180,1089814000404362
1158,512,185,1089814001817079
1159,512,186,1089814003280389
1160,512,160,1089814004455468
1161,512,247,1089814005927800
1162,512,172,1089814007164683
1163,512,185,1089814008630826
1164,512,202,1089814009869232
1165,512,162,1089814011265993
1166,512,179,1089814012571125
1167,512,151,1089814013805308
1168,512,126,1089814015145933
1169,512,129,1089814016532772
1170,512,247,1089814018024659
1171,512,259,1089814019453054
1172,512,203,1089814020813843
1173,512,189,1089814022213832
1174,512,178,1089814023603718
1175,512,187,1089814025020419
1176,512,89,1089814026205270
1177,512,90,1089814027582213
1178,512,86,1089814028741679
1179,512,56,1089814029865068
1180,512,58,1089814031158516
1181,512,58,1089814032309058
1182,512,55,1089814033608224
1183,512,49,1089814034908091
1184,512,51,1089814036046987
1185,512,50,1089814037148200
1186,512,70,1089814038393117
1187,512,53,1089814039722906
1188,512,55,1089814041017679
1189,512,51,1089814042132916
1190,512,72,1089814043476956
1191,512,110,1089814044836927
1192,512,56,1089814046083444
1193,512,90,1089814047430931
1194,512,100,1089814048793233
1195,512,100,1089814050144740
1196,512,97,1089814051492600
1197,512,95,1089814052871193
1198,512,113,1089814054221563
1199,512,86,1089814055525823
1200,512,58,1089814056620862
1201,512,65,1089814057940912
1202,512,52,1089814059017558
1203,512,89,1089814060142583
1204,512,71,1089814061186949
1205,512,97,1089814062399522
1206,512,71,1089814063538535
1207,512,77,1089814064848669
1208,512,68,1089814066021183
1209,512,63,1089814067148152
1210,512,58,1089814068446568
1211,512,57,1089814069740341
1212,512,60,1089814070811054
1213,512,61,1089814072109784
1214,512,53,1089814073203818
1215,512,40,1089814074479377
1216,512,42,1089814075756220
1217,512,40,1089814077010304
1218,512,41,1089814078183845
1219,512,48,1089814079474541
1220,512,49,1089814080529927
1221,512,26,1089814081795138
1222,512,44,1089814083031146
1223,512,53,1089814084095707
1224,512,57,1089814085393629
1225,512,73,1089814086595343
1226,512,48,1089814087728091
1227,512,48,1089814088841884
1228,512,53,1089814089970689
1229,512,36,1089814091218167
1230,512,39,1089814092502291
1231,512,46,1089814093791997
1232,512,227,1089814095468246
1233,512,72,1089814096641811
1234,512,68,1089814097805045
1235,512,131,1089814098929244
1236,512,56,1089814100164015
1237,512,48,1089814101376939
1238,512,69,1089814102621679
1239,512,89,1089814103907698
1240,512,78,1089814105172696
1241,512,65,1089814106391350
1242,512,66,1089814107591686
1243,512,85,1089814108915176
1244,512,81,1089814110001894
1245,512,63,1089814111310784
1246,512,62,1089814112364365
1247,512,64,1089814113672960
1248,512,79,1089814114747220
1249,512,51,1089814116001976
1250,512,50,1089814117301140
1251,512,52,1089814118592047
1252,512,41,1089814119869951
1253,512,53,1089814121009151
1254,512,42,1089814122119684
1255,512,37,1089814123329201
1256,512,26,1089814124595796
1257,512,25,1089814125864335
1258,512,53,1089814127174052
1259,512,46,1089814128241272
1260,512,69,1089814129351074
1261,512,81,1089814130620271
1262,512,42,1089814131721690
1263,512,65,1089814133055587
1264,512,48,1089814134345908
1265,512,52,1089814135499019
1266,512,67,1089814136860697
1267,512,62,1089814138054752
1268,512,102,1089814139304444
1269,512,48,1089814140550968
1270,512,47,1089814141685441
1271,512,59,1089814142980984
1272,512,61,1089814144283697
1273,512,54,1089814145549910
1274,512,78,1089814146904368
1275,512,57,1089814148124546
1276,512,67,1089814149465358
1277,512,48,1089814150744644
1278,512,33,1089814151861162
1279,512,53,1089814152940885
1280,512,61,1089814154031136
1281,512,69,1089814155211722
1282,512,49,1089814156422046
1283,512,51,1089814157621568
1284,512,48,1089814158802634
1285,512,49,1089814159999158
1286,512,42,1089814161279319
1287,512,42,1089814162562058
1288,512,46,1089814163703437
1289,512,47,1089814164765509
1290,512,58,1089814166008353
1291,512,49,1089814167298983
1292,512,37,1089814168573267
1293,512,46,1089814169856277
1294,512,43,1089814170926993
1295,512,38,1089814172009801
1296,512,40,1089814173293308
1297,512,42,1089814174539789
1298,512,37,1089814175810227
1299,512,36,1089814177091149
1300,512,44,1089814178380823
1301,512,58,1089814179644095
1302,512,41,1089814180829041
1303,512,37,1089814182017409
1304,512,42,1089814183151003
1305,512,41,1089814184431968
1306,512,49,1089814185634503
1307,512,58,1089814186785153
1308,512,51,1089814188074020
1309,512,45,1089814189354452
1310,512,42,1089814190578796
1311,512,42,1089814191860170
1312,512,86,1089814193048068
1313,512,63,1089814194348066
1314,512,43,1089814195626534
1315,512,32,1089814196895264
1316,512,31,1089814198161909
1317,512,52,1089814199458091
1318,512,39,1089814200624007
1319,512,30,1089814201896456
1320,512,55,1089814202985159
1321,512,45,1089814204229271
1322,512,34,1089814205502320
1323,512,41,1089814206568554
1324,512,48,1089814207641537
1325,512,50,1089814208931832
1326,512,50,1089814210005650
1327,512,42,1089814211043318
1328,512,43,1089814212249599
1329,512,54,1089814213315747
1330,512,42,1089814214505785
1331,512,47,1089814215563116
1332,512,63,1089814216867980
1333,512,58,1089814218161311
1334,512,57,1089814219346239
1335,512,54,1089814220639360
1336,512,57,1089814221908663
1337,512,30,1089814223175892
1338,512,36,1089814224280057
1339,512,37,1089814225454049
1340,512,53,1089814226754780
1341,512,61,1089814227876149
1342,512,79,1089814229017437
1343,512,61,1089814230160693
1344,512,57,1089814231331524
1345,512,51,1089814232504699
1346,512,73,1089814233593662
1347,512,99,1089814234738237
1348,512,66,1089814235771564
1349,512,56,1089814236906724
1350,512,54,1089814237976203
1351,512,113,1089814239323846
1352,512,68,1089814240574716
1353,512,50,1089814241662683
1354,512,128,1089814242897011
1355,512,74,1089814244214138
1356,512,70,1089814245518954
1357,512,59,1089814246777243
1358,512,95,1089814248148712
1359,512,53,1089814249430614
1360,512,50,1089814250749707
1361,512,38,1089814252023314
1362,512,74,1089814253319075
1363,512,61,1089814254595268
1364,512,83,1089814255702877
1365,512,47,1089814256871626
1366,512,43,1089814257921787
1367,512,42,1089814259202193
1368,512,63,1089814260272821
1369,512,56,1089814261360582
1370,512,51,1089814262616502
1371,512,43,1089814263765096
1372,512,43,1089814264853363
1373,512,39,1089814266025344
1374,512,33,1089814267299849
1375,512,33,1089814268334409
1376,512,42,1089814269440272
1377,512,26,1089814270707985
1378,512,38,1089814271938971
1379,512,41,1089814273225526
1380,512,42,1089814274517633
1381,512,64,1089814275692702
1382,512,97,1089814277037404
1383,512,92,1089814278361989
1384,512,72,1089814279663078
1385,512,143,1089814281054364
1386,512,83,1089814282123378
1387,512,137,1089814283518645
1388,512,126,1089814284628902
1389,512,137,1089814286079473
1390,512,147,1089814287459734
1391,512,133,1089814288817188
1392,512,132,1089814290188638
1393,512,151,1089814291591484
1394,512,142,1089814292971317
1395,512,161,1089814294365783
1396,512,81,1089814295559574
1397,512,146,1089814296967746
1398,512,132,1089814298337486
1399,512,120,1089814299728926
1400,512,151,1089814301141062
1401,512,132,1089814302511858
1402,512,131,1089814303963108
1403,512,114,1089814305306132
1404,512,89,1089814306518924
1405,512,102,1089814307862560
1406,512,100,1089814309207951
1407,512,86,1089814310575388
1408,512,81,1089814311778307
1409,512,71,1089814312877771
1410,512,70,1089814314274489
1411,512,107,1089814315627855
1412,512,84,1089814316964388
1413,512,58,1089814318256069
1414,512,76,1089814319560729
1415,512,59,1089814320936796
1416,512,83,1089814322277760
1417,512,78,1089814323365250
1418,512,132,1089814324814965
1419,512,109,1089814325890142
1420,512,118,1089814327165081
1421,512,61,1089814328241492
1422,512,73,1089814329322079
1423,512,70,1089814330439280
1424,512,53,1089814331553709
1425,512,53,1089814332634965
1426,512,51,1089814333962643
1427,512,59,1089814335163720
1428,512,91,1089814336504742
1429,512,80,1089814337553964
1430,512,93,1089814338857659
1431,512,57,1089814339913445
1432,512,67,1089814340998578
1433,512,69,1089814342304186
1434,512,159,1089814343541017
1435,512,56,1089814344768611
1436,512,72,1089814345926917
1437,512,76,1089814347241537
1438,512,64,1089814348578959
1439,512,63,1089814349905295
1440,512,87,1089814351261709
1441,512,58,1089814352304767
1442,512,73,1089814353531273
1443,512,72,1089814354588179
1444,512,64,1089814355882628
1445,512,61,1089814357206755
1446,512,58,1089814358361682
1447,512,58,1089814359433955
1448,512,64,1089814360735113
1449,512,54,1089814361901041
1450,512,79,1089814363248814
1451,512,109,1089814364636837
1452,512,433,1089814366303814
1453,512,62,1089814366998917
1454,512,86,1089814368324217
1455,512,62,1089814369625906
1456,512,54,1089814370826449
1457,512,70,1089814372031330
1458,512,51,1089814373367773
1459,512,46,1089814374546173
1460,512,59,1089814375861363
1461,512,59,1089814377152212
1462,512,93,1089814378276615
1463,512,61,1089814379458924
1464,512,55,1089814380662291
1465,512,58,1089814381857125
1466,512,47,1089814383171747
1467,512,46,1089814384388818
1468,512,47,1089814385678861
1469,512,48,1089814386967750
1470,512,48,1089814388215209
1471,512,46,1089814389501587
1472,512,43,1089814390572665
1473,512,46,1089814391863243
1474,512,54,1089814393215160
1475,512,47,1089814394512455
1476,512,46,1089814395796817
1477,512,46,1089814397084080
1478,512,46,1089814398337665
1479,512,45,1089814399668013
1480,512,45,1089814400956790
1481,512,44,1089814402242686
1482,512,46,1089814403537338
1483,512,50,1089814404647995
1484,512,47,1089814405962577
1485,512,46,1089814407280784
1486,512,47,1089814408600660
1487,512,85,1089814409846245
1488,512,91,1089814411196286
1489,512,87,1089814412395444
1490,512,79,1089814413706209
1491,512,48,1089814414816994
1492,512,45,1089814416024192
1493,512,46,1089814417312094
1494,512,45,1089814418598844
1495,512,46,1089814419918588
1496,512,45,1089814421203729
1497,512,57,1089814422526848
1498,512,68,1089814423716013
1499,512,63,1089814425001644
1500,512,52,1089814426298915
1501,512,82,1089814427631901
1502,512,196,1089814428887885
1503,512,63,1089814430031782
1504,512,62,1089814431335099
1505,512,70,1089814432497646
1506,512,70,1089814433796611
1507,512,74,1089814434926649
1508,512,65,1089814436024323
1509,512,77,1089814437108642
1510,512,56,1089814438143736
1511,512,53,1089814439321715
1512,512,62,1089814440626875
1513,512,50,1089814441731517
1514,512,57,1089814442783380
1515,512,52,1089814444095873
1516,512,51,1089814445386668
1517,512,56,1089814446683862
1518,512,52,1089814447973740
1519,512,80,1089814449052652
1520,512,88,1089814450385348
1521,512,102,1089814451755810
1522,512,99,1089814452902234
1523,512,95,1089814454070611
1524,512,46,1089814455255388
1525,512,57,1089814456551817
1526,512,52,1089814457837784
1527,512,43,1089814459070866
1528,512,49,1089814460400299
1529,512,41,1089814461686406
1530,512,39,1089814462978155
1531,512,47,1089814464276620
1532,512,47,1089814465610891
1533,512,51,1089814466820172
1534,512,60,1089814468086629
1535,512,71,1089814469398703
1536,512,343,1089814471020870
1537,512,57,1089814472073952
1538,512,60,1089814473162137
1539,512,70,1089814474235843
1540,512,70,1089814475428843
1541,512,69,1089814476553865
1542,512,46,1089814477839819
1543,512,47,1089814479122798
1544,512,56,1089814480414000
1545,512,50,1089814481696135
1546,512,55,1089814482996535
1547,512,48,1089814484028986
1548,512,49,1089814485229351
1549,512,56,1089814486525718
1550,512,54,1089814487600558
1551,512,60,1089814488936063
1552,512,72,1089814490025240
1553,512,50,1089814491303735
1554,512,46,1089814492494993
1555,512,49,1089814493675449
1556,512,69,1089814494982885
1557,512,59,1089814496308056
1558,512,51,1089814497366838
1559,512,40,1089814498517168
1560,512,44,1089814499827480
1561,512,40,1089814501043399
1562,512,46,1089814502090387
1563,512,43,1089814503166168
1564,512,45,1089814504224946
1565,512,43,1089814505261607
1566,512,43,1089814506518305
1567,512,72,1089814507845391
1568,512,37,1089814509122495
1569,512,44,1089814510309297
1570,512,41,1089814511600652
1571,512,35,1089814512882109
1572,512,49,1089814514183791
1573,512,53,1089814515493073
1574,512,69,1089814516817522
1575,512,49,1089814518103591
1576,512,53,1089814519433955
1577,512,48,1089814520736131
1578,512,52,1089814522037780
1579,512,46,1089814523323250
1580,512,47,1089814524612832
1581,512,54,1089814525904445
1582,512,76,1089814527115395
1583,512,73,1089814528214135
1584,512,58,1089814529367089
1585,512,64,1089814530703631
1586,512,79,1089814532025472
1587,512,52,1089814533050091
1588,512,50,1089814534349753
1589,512,58,1089814535648956
1590,512,37,1089814536737981
1591,512,44,1089814537822896
1592,512,51,1089814539115479
1593,512,44,1089814540431218
1594,512,39,1089814541548060
1595,512,44,1089814542865579
1596,512,78,1089814544188234
1597,512,54,1089814545218756
1598,512,50,1089814546506158
1599,512,57,1089814547817456
1600,512,100,1089814549079672
1601,512,95,1089814550421185
1602,512,102,1089814551793031
1603,512,92,1089814553091726
1604,512,105,1089814554447336
1605,512,113,1089814555819824
1606,512,112,1089814557188638
1607,512,131,1089814558579146
1608,512,150,1089814559967108
1609,512,129,1089814561302081
1610,512,90,1089814562455125
1611,512,84,1089814563767298
1612,512,102,1089814565115150
1613,512,83,1089814566440922
1614,512,82,1089814567768317
1615,512,118,1089814569131227
1616,512,160,1089814570545054
1617,512,132,1089814571948037
1618,512,187,1089814573392888
1619,512,118,1089814574752043
1620,512,135,1089814576132643
1621,512,144,1089814577529117
1622,512,149,1089814578928079
1623,512,125,1089814580048094
1624,512,131,1089814581425753
1625,512,132,1089814582780776
1626,512,131,1089814584147508
1627,512,128,1089814585534129
1628,512,159,1089814586954284
1629,512,131,1089814588324947
1630,512,133,1089814589695049
1631,512,130,1089814591097704
1632,512,101,1089814592426874
1633,512,69,1089814593552702
1634,512,66,1089814594687771
1635,512,71,1089814596035367
1636,512,72,1089814597245413
1637,512,62,1089814598541037
1638,512,50,1089814599830472
1639,512,51,1089814601129256
1640,512,46,1089814602421167
1641,512,61,1089814603520919
1642,512,75,1089814604588705
1643,512,68,1089814605892134
1644,512,47,1089814606931745
1645,512,52,1089814607998725
1646,512,42,1089814609174650
1647,512,46,1089814610463234
1648,512,52,1089814611518052
1649,512,50,1089814612805991
1650,512,37,1089814613908478
1651,512,39,1089814615182181
1652,512,49,1089814616471346
1653,512,45,1089814617602543
1654,512,46,1089814618719388
1655,512,52,1089814619924059
1656,512,44,1089814621202915
1657,512,49,1089814622291097
1658,512,25,1089814623315984
1659,512,56,1089814624623631
1660,512,39,1089814625703440
1661,512,36,1089814626980913
1662,512,45,1089814628020932
1663,512,69,1089814629332515
1664,512,56,1089814630482177
1665,512,86,1089814631774335
1666,512,90,1089814632837272
1667,512,62,1089814634110379
1668,512,51,1089814635290320
1669,512,64,1089814636560692
1670,512,149,1089814637791357
1671,512,58,1089814638982457
1672,512,80,1089814640108976
1673,512,47,1089814641377863
1674,512,51,1089814642695146
1675,512,47,1089814643894125
1676,512,44,1089814644971160
1677,512,57,1089814646334009
1678,512,71,1089814647643736
1679,512,62,1089814648766985
1680,512,58,1089814649855660
1681,512,60,1089814651154447
1682,512,110,1089814652530663
1683,512,69,1089814653622611
1684,512,76,1089814654937422
1685,512,62,1089814656235986
1686,512,61,1089814657526917
1687,512,93,1089814658682114
1688,512,68,1089814659849533
1689,512,61,1089814660988113
1690,512,46,1089814662033915
1691,512,88,1089814663372041
1692,512,51,1089814664445422
1693,512,66,1089814665564585
1694,512,389,1089814666940452
1695,512,69,1089814667767064
1696,512,60,1089814668914793
1697,512,66,1089814670052057
1698,512,53,1089814671247631
1699,512,48,1089814672559268
1700,512,145,1089814673766505
1701,512,98,1089814674828759
1702,512,62,1089814675909537
1703,512,58,1089814677210992
1704,512,62,1089814678505221
1705,512,51,1089814679553800
1706,512,47,1089814680854232
1707,512,36,1089814682134506
1708,512,40,1089814683427098
1709,512,40,1089814684666126
1710,512,46,1089814685897732
1711,512,41,1089814686953904
1712,512,39,1089814688175546
1713,512,30,1089814689445614
1714,512,30,1089814690605163
1715,512,27,1089814691877301
1716,512,21,1089814693046297
1717,512,31,1089814694324951
1718,512,20,1089814695587874
1719,512,18,1089814696851614
1720,512,47,1089814698033355
1721,512,48,1089814699319141
1722,512,41,1089814700598135
1723,512,63,1089814701908438
1724,512,61,1089814703211992
1725,512,42,1089814704476787
1726,512,56,1089814705773016
1727,512,51,1089814706903068
1728,512,47,1089814708027618
1729,512,49,1089814709314692
1730,512,58,1089814710467934
1731,512,48,1089814711722227
1732,512,50,1089814713009947
1733,512,52,1089814714147310
1734,512,59,1089814715446356
1735,512,50,1089814716501206
1736,512,40,1089814717778861
1737,512,40,1089814718917104
1738,512,45,1089814719969955
1739,512,44,1089814721257528
1740,512,30,1089814722528189
1741,512,28,1089814723803773
1742,512,33,1089814724857290
1743,512,40,1089814726141508
1744,512,40,1089814727427229
1745,512,22,1089814728688316
1746,512,37,1089814729974528
1747,512,54,1089814731279516
1748,512,54,1089814732509965
1749,512,54,1089814733701076
1750,512,47,1089814734751825
1751,512,49,1089814735829326
1752,512,52,1089814736925388
1753,512,67,1089814738457067
1754,512,107,1089814739797556
1755,512,81,1089814741082091
1756,512,98,1089814742157206
1757,512,52,1089814743206348
1758,512,62,1089814744507064
1759,512,55,1089814745801191
1760,512,68,1089814747115502
1761,512,75,1089814748335395
1762,512,81,1089814749532140
1763,512,78,1089814750825834
1764,512,64,1089814751918747
1765,512,63,1089814753000581
1766,512,56,1089814754297576
1767,512,62,1089814755428743
1768,512,58,1089814756522574
1769,512,42,1089814757796428
1770,512,51,1089814759105268
1771,512,83,1089814760301212
1772,512,55,1089814761548983
1773,512,50,1089814762666216
1774,512,57,1089814763758588
1775,512,41,1089814765036052
1776,512,34,1089814766313033
1777,512,29,1089814767577888
1778,512,41,1089814768711136
1779,512,32,1089814770015884
1780,512,40,1089814771316393
1781,512,46,1089814772434203
1782,512,67,1089814773747797
1783,512,40,1089814775012238
1784,512,41,1089814776110013
1785,512,57,1089814777290613
1786,512,49,1089814778346225
1787,512,46,1089814779455902
1788,512,27,1089814780720117
1789,512,36,1089814781996921
1790,512,46,1089814783233141
1791,512,33,1089814784406026
1792,512,29,1089814785673937
1793,512,47,1089814786870445
1794,512,60,1089814788050894
1795,512,40,1089814789334346
1796,512,46,1089814790377420
1797,512,59,1089814791676403
1798,512,56,1089814792963793
1799,512,57,1089814794256876
1800,512,69,1089814795573048
1801,512,71,1089814796913010
1802,512,47,1089814798041557
1803,512,34,1089814799312525
1804,512,38,1089814800381110
1805,512,40,1089814801518188
1806,512,59,1089814802835237
1807,512,53,1089814804019971
1808,512,78,1089814805356513
1809,512,91,1089814806690824
1810,512,77,1089814807972408
1811,512,59,1089814809026312
1812,512,113,1089814810409496
1813,512,85,1089814811749314
1814,512,55,1089814813056585
1815,512,68,1089814814372217
1816,512,54,1089814815689107
1817,512,122,1089814817120294
1818,512,90,1089814818434236
1819,512,135,1089814819812597
1820,512,134,1089814821186620
1821,512,126,1089814822567997
1822,512,81,1089814823640330
1823,512,64,1089814824906030
1824,512,125,1089814826349512
1825,512,127,1089814827486603
1826,512,99,1089814828804784
1827,512,79,1089814830117304
1828,512,137,1089814831488438
1829,512,97,1089814832682593
1830,512,84,1089814834001701
1831,512,66,1089814835106957
1832,512,158,1089814836451347
1833,512,44,1089814837418578
1834,512,61,1089814838687502
1835,512,71,1089814839946500
1836,512,67,1089814841027512
1837,512,73,1089814842223885
1838,512,110,1089814843568635
1839,512,89,1089814844857662
1840,512,48,1089814846119069
1841,512,60,1089814847208778
1842,512,50,1089814848299279
1843,512,59,1089814849597970
1844,512,64,1089814850930522
1845,512,57,1089814852260635
1846,512,54,1089814853518797
1847,512,54,1089814854857778
1848,512,50,1089814856146792
1849,512,55,1089814857234416
1850,512,54,1089814858441699
1851,512,52,1089814859780787
1852,512,51,1089814860955611
1853,512,73,1089814862267949
1854,512,51,1089814863539059
1855,512,59,1089814864864122
1856,512,41,1089814866118395
1857,512,68,1089814867471135
1858,512,38,1089814868755155
1859,512,49,1089814870058139
1860,512,80,1089814871395922
1861,512,96,1089814872743127
1862,512,159,1089814874084765
1863,512,144,1089814875468507
1864,512,195,1089814876890094
1865,512,125,1089814878255813
1866,512,138,1089814879513732
1867,512,155,1089814880919065
1868,512,132,1089814882260300
1869,512,120,1089814883668676
1870,512,189,1089814885131512
1871,512,188,1089814886546384
1872,512,193,1089814887967420
1873,512,102,1089814889170895
1874,512,133,1089814890564031
1875,512,133,1089814891934562
1876,512,128,1089814893342429
1877,512,135,1089814894706851
1878,512,104,1089814895956387
1879,512,89,1089814897310877
1880,512,62,1089814898619882
1881,512,58,1089814899722871
1882,512,55,1089814901010099
1883,512,25,1089814902266751
1884,512,34,1089814903487673
1885,512,54,1089814904556322
1886,512,53,1089814905652967
1887,512,58,1089814906888116
1888,512,43,1089814908092740
1889,512,45,1089814909173418
1890,512,66,1089814910501453
1891,512,49,1089814911807146
1892,512,52,1089814913054060
1893,512,53,1089814914349156
1894,512,45,1089814915632506
1895,512,50,1089814916971294
1896,512,52,1089814918055221
1897,512,77,1089814919390566
1898,512,51,1089814920682485
1899,512,44,1089814921966867
1900,512,96,1089814923310232
1901,512,109,1089814924646242
1902,512,44,1089814925903891
1903,512,58,1089814927171407
1904,512,100,1089814928518711
1905,512,82,1089814929833507
1906,512,82,1089814931148083
1907,512,76,1089814932305083
1908,512,87,1089814933638619
1909,512,59,1089814934934205
1910,512,65,1089814936284434
1911,512,46,1089814937468235
1912,512,58,1089814938773536
1913,512,70,1089814940084994
1914,512,62,1089814941388057
1915,512,47,1089814942693217
1916,512,99,1089814944034351
1917,512,49,1089814945275745
1918,512,44,1089814946562867
1919,512,42,1089814947634700
1920,512,55,1089814949035247
1921,512,55,1089814950334109
1922,512,55,1089814951627482
1923,512,116,1089814953021394
1924,512,129,1089814954404208
1925,512,98,1089814955736458
1926,512,119,1089814957119700
1927,512,132,1089814958504722
1928,512,144,1089814959922307
1929,512,95,1089814961048016
1930,512,132,1089814962448890
1931,512,132,1089814963822287
1932,512,132,1089814965192299
1933,512,186,1089814966628272
1934,512,186,1089814968092637
1935,512,187,1089814969506701
1936,512,205,1089814970940957
1937,512,189,1089814972338698
1938,512,211,1089814973776999
1939,512,186,1089814975166695
1940,512,185,1089814976581097
1941,512,155,1089814978002858
1942,512,201,1089814979443103
1943,512,169,1089814980830350
1944,512,230,1089814982323795
1945,512,177,1089814983761591
1946,512,232,1089814985283187
1947,512,187,1089814986669495
1948,512,188,1089814988085063
1949,512,188,1089814989501179
1950,512,187,1089814990914861
1951,512,188,1089814992330250
1952,512,273,1089814993830016
1953,512,107,1089814994913009
1954,512,82,1089814996103252
1955,512,81,1089814997417979
1956,512,91,1089814998741747
1957,512,100,1089815000077604
1958,512,150,1089815001483098
1959,512,132,1089815002853877
1960,512,129,1089815004193691
1961,512,123,1089815005605192
1962,512,132,1089815006981767
1963,512,134,1089815008353195
1964,512,134,1089815009756236
1965,512,131,1089815011030482
1966,512,132,1089815012400365
1967,512,129,1089815013784414
1968,512,132,1089815015155784
1969,512,136,1089815016575938
1970,512,158,1089815017975050
1971,512,187,1089815019424656
1972,512,187,1089815020838603
1973,512,186,1089815022253247
1974,512,178,1089815023629370
1975,512,183,1089815025044054
1976,512,179,1089815026387759
1977,512,108,1089815027706189
1978,512,134,1089815029086984
1979,512,135,1089815030460144
1980,512,170,1089815031886403
1981,512,97,1089815033196173
1982,512,72,1089815034504218
1983,512,66,1089815035801113
1984,512,64,1089815037111055
1985,512,76,1089815038440358
1986,512,75,1089815039737066
1987,512,52,1089815040914110
1988,512,55,1089815042205033
1989,512,49,1089815043287556
1990,512,67,1089815044599653
1991,512,88,1089815045687566
1992,512,54,1089815046805590
1993,512,65,1089815048131130
1994,512,70,1089815049440343
1995,512,62,1089815050736955
1996,512,78,1089815051909139
1997,512,64,1089815052978924
1998,512,61,1089815054098845
1999,512,83,1089815055208899
2000,512,68,1089815056370837
